{"mass":0.5,"centerOfMass":[0,0,0.0467],"transformation":[0.70710678,0.70710678,0,0,-0.70710678,0.70710678,0,0,0,0,1,0,0.00707107,-0.00707107,0.116,1],"inertia":[0.000466,0,0,0,0.000466,0,0,0,0.0002294]}