{
    "apriltag_id" : 12,     
    "centroid_to_apriltag" : [0, -0.0265, 0],
    "winding" : 1,
    "x_vert":[-0.039999999999999994,-0.045419999999999981,-0.049759999999999971,-0.053140000000000021,-0.055680000000000007,-0.0575,-0.058719999999999987,-0.05946,-0.059840000000000018,-0.059980000000000012,-0.060000000000000012,-0.060000000000000012,-0.060000000000000012,-0.060000000000000012,-0.060000000000000012,-0.060000000000000012,-0.060000000000000012,-0.060000000000000012,-0.060000000000000012,-0.060000000000000012,-0.060000000000000012,-0.059999000000000011,-0.059992000000000011,-0.059973000000000012,-0.05993600000000001,-0.059875000000000005,-0.059784000000000004,-0.059657000000000009,-0.059488000000000013,-0.059271000000000011,-0.059000000000000011,-0.058671000000000008,-0.05828800000000002,-0.057857000000000013,-0.057384000000000011,-0.056875000000000016,-0.056336000000000025,-0.05577300000000001,-0.055192000000000005,-0.054599000000000009,-0.054000000000000006,-0.053392999999999996,-0.052744,-0.052011,-0.051151999999999996,-0.050125,-0.048888,-0.047399000000000004,-0.045615999999999983,-0.043496999999999994,-0.041000000000000016,-0.038097,-0.034816000000000007,-0.031198999999999987,-0.027287999999999996,-0.02312500000000001,-0.018751999999999987,-0.014211,-0.0095439999999999744,-0.0047929999999999891,-1.7023419710919066E-18,0.0047930000000000247,0.0095440000000000091,0.014211000000000036,0.018752000000000019,0.02312500000000001,0.027287999999999996,0.03119899999999998,0.034816,0.038096999999999992,0.041000000000000009,0.043496999999999994,0.045616,0.047399000000000004,0.048888,0.05012500000000001,0.051152000000000017,0.052011,0.05274400000000002,0.053393,0.054000000000000013,0.054599000000000009,0.055192000000000005,0.055773000000000017,0.056336000000000004,0.056875000000000009,0.057384000000000011,0.057857000000000013,0.058288000000000013,0.058671000000000008,0.059000000000000004,0.059271000000000004,0.059488000000000006,0.059657000000000009,0.059784000000000004,0.059875000000000005,0.059936000000000017,0.059973000000000012,0.059992000000000011,0.059999000000000004,0.060000000000000012,0.060000000000000012,0.060000000000000012,0.060000000000000012,0.060000000000000012,0.060000000000000012,0.060000000000000012,0.060000000000000012,0.060000000000000012,0.060000000000000012,0.060000000000000012,0.059980000000000012,0.059840000000000011,0.059460000000000006,0.058720000000000008,0.057500000000000009,0.055680000000000014,0.053140000000000027,0.049759999999999985,0.045419999999999988,0.040000000000000008,0.033440000000000032,0.025920000000000065,0.017679999999999946,0.00895999999999997,1.1102230246251566E-18,-0.0089599999999999715,-0.017679999999999942,-0.025920000000000065,-0.033440000000000032,-0.039999999999999994],
    "y_vert":[0,0,0,0,0,0,0,0,0,0,0,-3.0000000000000089E-5,-0.00024000000000000071,-0.00081000000000000061,-0.0019200000000000029,-0.0037500000000000012,-0.0064800000000000049,-0.010290000000000011,-0.015360000000000009,-0.021870000000000014,-0.030000000000000006,-0.039840500000000015,-0.051124000000000031,-0.063493500000000036,-0.076592000000000077,-0.090062500000000018,-0.10354800000000003,-0.11669150000000003,-0.12913600000000006,-0.14052450000000005,-0.15050000000000002,-0.15879600000000005,-0.16550800000000007,-0.17082200000000003,-0.17492400000000002,-0.17800000000000002,-0.180236,-0.18181800000000004,-0.182932,-0.18376400000000004,-0.18450000000000003,-0.18529000000000004,-0.18614000000000006,-0.18702000000000005,-0.18790000000000004,-0.18875000000000003,-0.18954000000000007,-0.19024000000000005,-0.19082000000000007,-0.19125000000000003,-0.19150000000000003,-0.1915515,-0.191432,-0.19118050000000003,-0.19083600000000003,-0.19043750000000007,-0.19002400000000005,-0.18963450000000004,-0.18930800000000009,-0.18908350000000007,-0.18900000000000006,-0.18908350000000007,-0.18930800000000009,-0.18963450000000004,-0.19002400000000005,-0.19043750000000007,-0.19083600000000003,-0.19118050000000003,-0.19143200000000007,-0.1915515000000001,-0.19150000000000003,-0.19125,-0.19082000000000005,-0.19024000000000002,-0.18954000000000004,-0.18875000000000003,-0.18790000000000004,-0.18702000000000002,-0.18614,-0.18529,-0.18450000000000003,-0.18376400000000004,-0.18293200000000007,-0.18181800000000004,-0.18023600000000006,-0.17800000000000005,-0.17492400000000008,-0.17082200000000008,-0.16550800000000002,-0.15879600000000013,-0.1505,-0.14052450000000005,-0.12913600000000008,-0.11669149999999991,-0.10354799999999993,-0.090062500000000018,-0.076592000000000049,-0.0634935000000001,-0.05112399999999992,-0.03984049999999998,-0.030000000000000009,-0.021870000000000035,-0.015360000000000047,-0.010289999999999975,-0.00647999999999999,-0.0037500000000000033,-0.0019200000000000128,-0.000810000000000013,-0.00023999999999999578,-2.9999999999996697E-5,0,0,0,0,0,0,0,0,0,0,0,0,0,0,0,0,0,0,0,0,0],
    "base_mass": 0.5259
}