{
    "x_vert":[-4,-4.541999999999998,-4.9759999999999973,-5.3140000000000018,-5.5680000000000014,-5.75,-5.872,-5.946,-5.9840000000000018,-5.9980000000000011,-6,-6,-6,-6,-6,-6,-6,-6,-6,-6,-6,-5.9999,-5.9992,-5.9973,-5.9936,-5.9875,-5.9784,-5.9657,-5.9488,-5.9271,-5.9,-5.8671,-5.8288000000000011,-5.7857,-5.7384,-5.6875000000000009,-5.6336000000000013,-5.5773,-5.5192,-5.4599,-5.3999999999999995,-5.3392999999999988,-5.2743999999999991,-5.2010999999999994,-5.1151999999999989,-5.0124999999999993,-4.8887999999999989,-4.7399,-4.5615999999999977,-4.3496999999999986,-4.1000000000000005,-3.809699999999999,-3.4816,-3.1198999999999972,-2.7287999999999988,-2.3124999999999996,-1.8751999999999975,-1.4210999999999987,-0.95439999999999614,-0.47929999999999762,2.7385501274087196E-16,0.47930000000000295,0.95440000000000136,1.421100000000004,1.8752000000000024,2.3125000000000013,2.7288,3.1198999999999986,3.4816000000000007,3.8096999999999994,4.1000000000000005,4.3496999999999995,4.5615999999999994,4.7399000000000004,4.8888,5.0125000000000011,5.1152000000000015,5.2011,5.2744000000000018,5.3393000000000006,5.4,5.4599,5.5192,5.577300000000001,5.6335999999999995,5.6875,5.7383999999999995,5.7857,5.8288,5.8671,5.8999999999999995,5.9270999999999994,5.9487999999999994,5.9657,5.9784,5.9875,5.9936000000000007,5.9973,5.9992,5.9999,6,6,6,6,6,6,6,6,6,6,6,5.998,5.984,5.946,5.872,5.75,5.5680000000000005,5.3140000000000018,4.9759999999999973,4.541999999999998,3.9999999999999996,3.3440000000000016,2.5920000000000045,1.7679999999999929,0.89599999999999524,-1.6653345369377348E-15,-0.89599999999999891,-1.7679999999999956,-2.592000000000009,-3.3440000000000047,-4],
    "y_vert":[0,0,0,0,0,0,0,0,0,0,0,-0.0030000000000000087,-0.02400000000000007,-0.081000000000000058,-0.19200000000000028,-0.37500000000000011,-0.64800000000000046,-1.029000000000001,-1.5360000000000009,-2.1870000000000016,-3.0000000000000004,-3.9840500000000016,-5.1124000000000027,-6.3493500000000038,-7.6592000000000073,-9.0062500000000014,-10.354800000000003,-11.669150000000004,-12.913600000000006,-14.052450000000006,-15.05,-15.879600000000002,-16.550800000000002,-17.082200000000004,-17.4924,-17.799999999999997,-18.0236,-18.181800000000003,-18.293200000000002,-18.3764,-18.449999999999996,-18.529224999999997,-18.615799999999997,-18.708074999999997,-18.804399999999994,-18.903124999999996,-19.002599999999997,-19.101174999999998,-19.1972,-19.289025,-19.374999999999996,-19.453724999999995,-19.524799999999995,-19.588074999999996,-19.6434,-19.690624999999997,-19.729599999999994,-19.760175,-19.7822,-19.795524999999998,-19.8,-19.795525,-19.7822,-19.760175,-19.7296,-19.690625,-19.643400000000003,-19.588075,-19.5248,-19.453725,-19.375,-19.289025,-19.1972,-19.101174999999998,-19.0026,-18.903125,-18.8044,-18.708075,-18.615799999999997,-18.529224999999997,-18.449999999999996,-18.376399999999997,-18.2932,-18.181799999999996,-18.0236,-17.799999999999997,-17.4924,-17.0822,-16.550799999999992,-15.879600000000007,-15.049999999999999,-14.052450000000002,-12.913600000000008,-11.669149999999989,-10.354799999999994,-9.0062499999999979,-7.659200000000002,-6.3493500000000065,-5.1123999999999894,-3.9840499999999945,-2.9999999999999991,-2.1870000000000016,-1.5360000000000029,-1.0289999999999957,-0.64799999999999724,-0.37499999999999856,-0.1919999999999995,-0.080999999999999517,-0.0239999999999978,-0.0029999999999978932,0,0,0,0,0,0,0,0,0,0,0,0,0,0,0,0,0,0,0,0,0]
}